Tube Line,From Station,To Station
Bakerloo,Baker Street,Regents Park
Bakerloo,Charing Cross,Embankment
Bakerloo,Edgware Road (Bakerloo),Marylebone
Bakerloo,Embankment,Waterloo
Bakerloo,Harlesden,Willesden Junction
Bakerloo,Harrow and Wealdstone,Kenton
Bakerloo,Kensal Green,Queens Park
Bakerloo,Kenton,South Kenton
Bakerloo,Kilburn Park,Maida Vale
Bakerloo,Lambeth North,Elephant and Castle
Bakerloo,Maida Vale,Warwick Avenue
Bakerloo,Marylebone,Baker Street
Bakerloo,North Wembley,Wembley Central
Bakerloo,Oxford Circus,Piccadilly Circus
Bakerloo,Paddington,Edgware Road (Bakerloo)
Bakerloo,Piccadilly Circus,Charing Cross
Bakerloo,Queens Park,Kilburn Park
Bakerloo,Regents Park,Oxford Circus
Bakerloo,South Kenton,North Wembley
Bakerloo,Stonebridge Park,Harlesden
Bakerloo,Warwick Avenue,Paddington
Bakerloo,Waterloo,Lambeth North
Bakerloo,Wembley Central,Stonebridge Park
Bakerloo,Willesden Junction,Kensal Green
C2C,Barking,Dagenham Dock
C2C,Barking,Upminster
C2C,Dagenham Dock,Purfleet
C2C,Dagenham Dock,Rainham
C2C,Fenchurch Street,Limehouse
C2C,Fenchurch Street,Stratford
C2C,Limehouse,West Ham
C2C,Liverpool Street,Stratford
C2C,Ockendon,Chafford Hundred
C2C,Stratford,Barking
C2C,Upminster,Ockendon
C2C,West Ham,Barking
Central,Bank,St. Pauls
Central,Barkingside,Fairlop
Central,Bethnal Green,Liverpool Street
Central,Bond Street,Marble Arch
Central,Buckhurst Hill,Woodford
Central,Chancery Lane,Holborn
Central,Chigwell,Roding Valley
Central,Debden,Loughton
Central,East Acton,North Acton
Central,Epping,Theydon Bois
Central,Fairlop,Hainault
Central,Gants Hill,Newbury Park
Central,Grange Hill,Chigwell
Central,Greenford,Northolt
Central,Hainault,Grange Hill
Central,Hanger Lane,Perivale
Central,Holborn,Tottenham Court Road
Central,Holland Park,Shepherds Bush
Central,Lancaster Gate,Queensway
Central,Leyton,Stratford
Central,Leytonstone,Leyton
Central,Leytonstone,Wanstead
Central,Liverpool Street,Bank
Central,Loughton,Buckhurst Hill
Central,Marble Arch,Lancaster Gate
Central,Mile End,Bethnal Green
Central,Newbury Park,Barkingside
Central,North Acton,Hanger Lane
Central,North Acton,West Acton
Central,Northolt,South Ruislip
Central,Notting Hill Gate,Holland Park
Central,Oxford Circus,Bond Street
Central,Perivale,Greenford
Central,Queensway,Notting Hill Gate
Central,Redbridge,Gants Hill
Central,Ruislip Gardens,West Ruislip
Central,Shepherds Bush,White City
Central,Snaresbrook,Leytonstone
Central,South Ruislip,Ruislip Gardens
Central,South Woodford,Snaresbrook
Central,St. Pauls,Chancery Lane
Central,Stratford,Mile End
Central,Theydon Bois,Debden
Central,Tottenham Court Road,Oxford Circus
Central,Wanstead,Redbridge
Central,West Acton,Ealing Broadway
Central,White City,East Acton
Central,Woodford,South Woodford
Chiltern Railways,Chalfont and Latimer,Amersham
Chiltern Railways,Chorleywood,Chalfont and Latimer
Chiltern Railways,Harrow-on-the-Hill,Rickmansworth
Chiltern Railways,Marylebone,Harrow-on-the-Hill
Chiltern Railways,Marylebone,Wembley Stadium
Chiltern Railways,Northolt Park,South Ruislip
Chiltern Railways,Paddington,South Ruislip
Chiltern Railways,Rickmansworth,Chorleywood
Chiltern Railways,South Ruislip,West Ruislip
Chiltern Railways,Sudbury and Harrow Road,Sudbury Hill Harrow
Chiltern Railways,Sudbury Hill Harrow,Northolt Park
Chiltern Railways,Wembley Stadium,Sudbury and Harrow Road
Circle,Aldgate,Tower Hill
Circle,Baker Street,Great Portland Street
Circle,Barbican,Moorgate
Circle,Bayswater,Paddington
Circle,Blackfriars,Temple
Circle,Cannon Street,Mansion House
Circle,Edgware Road (Circle/District/Hammersmith and City),Baker Street
Circle,Embankment,Westminster
Circle,Euston Square,Kings Cross St. Pancras
Circle,Farringdon,Barbican
Circle,Gloucester Road,High Street Kensington
Circle,Goldhawk Road,Shepherds Bush Market
Circle,Great Portland Street,Euston Square
Circle,Hammersmith (Met.),Goldhawk Road
Circle,High Street Kensington,Notting Hill Gate
Circle,Kings Cross St. Pancras,Farringdon
Circle,Ladbroke Grove,Westbourne Park
Circle,Latimer Road,Ladbroke Grove
Circle,Liverpool Street,Aldgate
Circle,Mansion House,Blackfriars
Circle,Monument,Cannon Street
Circle,Moorgate,Liverpool Street
Circle,Notting Hill Gate,Bayswater
Circle,Paddington,Edgware Road (Circle/District/Hammersmith and City)
Circle,Royal Oak,Paddington
Circle,Shepherds Bush Market,Wood Lane
Circle,Sloane Square,South Kensington
Circle,South Kensington,Gloucester Road
Circle,St. James's Park,Victoria
Circle,Temple,Embankment
Circle,Tower Hill,Monument
Circle,Victoria,Sloane Square
Circle,Westbourne Park,Royal Oak
Circle,Westminster,St. James's Park
Circle,Wood Lane,Latimer Road
District,Acton Town,Ealing Common
District,Aldgate East,Tower Hill
District,Barking,East Ham
District,Barons Court,Hammersmith (District)
District,Bayswater,Paddington
District,Becontree,Upney
District,Blackfriars,Temple
District,Bow Church,Stepney Green
District,Bow Road,Bow Church
District,Bromley-by-Bow,Bow Road
District,Cannon Street,Mansion House
District,Chiswick Park,Acton Town
District,Dagenham East,Dagenham Heathway
District,Dagenham Heathway,Becontree
District,Ealing Common,Ealing Broadway
District,Earls Court,High Street Kensington
District,Earls Court,Kensington (Olympia)
District,Earls Court,West Brompton
District,Earls Court,West Kensington
District,East Ham,Upton Park
District,East Putney,Southfields
District,Elm Park,Dagenham East
District,Embankment,Westminster
District,Fulham Broadway,Parsons Green
District,Gloucester Road,Earls Court
District,Gunnersbury,Kew Gardens
District,Hammersmith (District),Ravenscourt Park
District,High Street Kensington,Notting Hill Gate
District,Hornchurch,Elm Park
District,Kew Gardens,Richmond
District,Mansion House,Blackfriars
District,Monument,Cannon Street
District,Notting Hill Gate,Bayswater
District,Paddington,Edgware Road (Circle/District/Hammersmith and City)
District,Parsons Green,Putney Bridge
District,Plaistow,West Ham
District,Putney Bridge,East Putney
District,Ravenscourt Park,Stamford Brook
District,Sloane Square,South Kensington
District,South Kensington,Gloucester Road
District,Southfields,Wimbledon Park
District,St. James's Park,Victoria
District,Stamford Brook,Turnham Green
District,Stepney Green,Whitechapel
District,Temple,Embankment
District,Tower Hill,Monument
District,Turnham Green,Chiswick Park
District,Turnham Green,Gunnersbury
District,Upminster,Upminster Bridge
District,Upminster Bridge,Hornchurch
District,Upney,Barking
District,Upton Park,Plaistow
District,Victoria,Sloane Square
District,West Brompton,Fulham Broadway
District,West Ham,Bromley-by-Bow
District,West Kensington,Barons Court
District,Westminster,St. James's Park
District,Whitechapel,Aldgate East
District,Wimbledon Park,Wimbledon
DLR,Abbey Road,West Ham
DLR,All Saints,Poplar
DLR,Beckton Park,Cyprus
DLR,Blackwall,East India
DLR,Bow Church,Devons Road
DLR,Canary Wharf,Heron Quays
DLR,Canning Town,Royal Victoria
DLR,Canning Town,West Silvertown
DLR,Crossharbour and London Arena,Mudchute
DLR,Custom House,Prince Regent
DLR,Cutty Sark for Maritime Greenwich,Greenwich
DLR,Cyprus,Gallions Reach
DLR,Deptford Bridge,Elverson Road
DLR,Devons Road,Langdon Park
DLR,East India,Canning Town
DLR,Elverson Road,Lewisham
DLR,Gallions Reach,Beckton
DLR,Greenwich,Deptford Bridge
DLR,Heron Quays,South Quay
DLR,Island Gardens,Cutty Sark for Maritime Greenwich
DLR,King George V,Woolwich Arsenal
DLR,Langdon Park,All Saints
DLR,Limehouse,Shadwell
DLR,London City Airport,King George V
DLR,Mudchute,Island Gardens
DLR,Pontoon Dock,London City Airport
DLR,Poplar,Blackwall
DLR,Poplar,West India Quay
DLR,Poplar,Westferry
DLR,Prince Regent,Royal Albert
DLR,Pudding Mill Lane,Bow Church
DLR,Royal Albert,Beckton Park
DLR,Royal Victoria,Custom House
DLR,Shadwell,Bank
DLR,Shadwell,Tower Gateway
DLR,South Quay,Crossharbour and London Arena
DLR,Star Lane,Canning Town
DLR,Stratford,Pudding Mill Lane
DLR,Stratford,Stratford High Street
DLR,Stratford High Street,Abbey Road
DLR,Stratford International,Stratford
DLR,West Ham,Star Lane
DLR,West India Quay,Canary Wharf
DLR,West Silvertown,Pontoon Dock
DLR,Westferry,Limehouse
Elizabeth,Acton Main Line,Ealing Broadway
Elizabeth,Bond Street,Paddington
Elizabeth,Brentwood,Harold Wood
Elizabeth,Burnham,Taplow
Elizabeth,Canary Wharf,Custom House
Elizabeth,Chadwell Heath,Goodmayes
Elizabeth,Custom House,Woolwich
Elizabeth,Ealing Broadway,West Ealing
Elizabeth,Farringdon,Tottenham Court Road
Elizabeth,Forest Gate,Maryland
Elizabeth,Gidea Park,Romford
Elizabeth,Goodmayes,Seven Kings
Elizabeth,Hanwell,Southall
Elizabeth,Harold Wood,Gidea Park
Elizabeth,Hayes and Harlington,Heathrow Terminals 1 2 3
Elizabeth,Hayes and Harlington,West Drayton
Elizabeth,Heathrow Terminals 1 2 3,Heathrow Terminal 4
Elizabeth,Heathrow Terminals 1 2 3,Heathrow Terminal 5
Elizabeth,Ilford,Manor Park
Elizabeth,Iver,Langley
Elizabeth,Langley,Slough
Elizabeth,Liverpool Street,Farringdon
Elizabeth,Maidenhead,Twyford
Elizabeth,Manor Park,Forest Gate
Elizabeth,Maryland,Stratford
Elizabeth,Paddington,Acton Main Line
Elizabeth,Romford,Chadwell Heath
Elizabeth,Seven Kings,Ilford
Elizabeth,Shenfield,Brentwood
Elizabeth,Slough,Burnham
Elizabeth,Southall,Hayes and Harlington
Elizabeth,Stratford,Whitechapel
Elizabeth,Taplow,Maidenhead
Elizabeth,Tottenham Court Road,Bond Street
Elizabeth,Twyford,Reading
Elizabeth,West Drayton,Iver
Elizabeth,West Ealing,Hanwell
Elizabeth,Whitechapel,Canary Wharf
Elizabeth,Whitechapel,Liverpool Street
Elizabeth,Woolwich,Abbey Wood
Great Northern,Alexandra Palace,Bowes Park
Great Northern,Alexandra Palace,New Southgate
Great Northern,Bowes Park,Palmers Green
Great Northern,Crews Hill,Cuffley
Great Northern,Drayton Park,Finsbury Park
Great Northern,Enfield Chase,Gordon Hill
Great Northern,Essex Road,Highbury and Islington
Great Northern,Finsbury Park,Harringay
Great Northern,Gordon Hill,Crews Hill
Great Northern,Grange Park,Enfield Chase
Great Northern,Harringay,Hornsey
Great Northern,Highbury and Islington,Drayton Park
Great Northern,Hornsey,Alexandra Palace
Great Northern,King's Cross,Finsbury Park
Great Northern,Moorgate,Old Street
Great Northern,New Barnet,Hadley Wood
Great Northern,New Southgate,Oakleigh Park
Great Northern,Oakleigh Park,New Barnet
Great Northern,Old Street,Essex Road
Great Northern,Palmers Green,Winchmore Hill
Great Northern,Winchmore Hill,Grange Park
Great Western,Acton Main Line,Ealing Broadway
Great Western,Castle Bar Park,South Greenford
Great Western,Drayton Green,Castle Bar Park
Great Western,Ealing Broadway,West Ealing
Great Western,Hanwell,Southall
Great Western,Hayes and Harlington,West Drayton
Great Western,Paddington,Acton Main Line
Great Western,South Greenford,Greenford
Great Western,Southall,Hayes and Harlington
Great Western,West Ealing,Drayton Green
Great Western,West Ealing,Hanwell
Greater Anglia,Angel Road,Ponders End
Greater Anglia,Brentwood,Shenfield
Greater Anglia,Brimsdown,Enfield Lock
Greater Anglia,Cheshunt,Broxbourne
Greater Anglia,Edmonton Green,Cheshunt
Greater Anglia,Enfield Lock,Waltham Cross
Greater Anglia,Gidea Park,Harold Wood
Greater Anglia,Hackney Downs,Seven Sisters
Greater Anglia,Hackney Downs,Tottenham Hale
Greater Anglia,Harold Wood,Brentwood
Greater Anglia,Lea Bridge,Tottenham Hale
Greater Anglia,Liverpool Street,Hackney Downs
Greater Anglia,Liverpool Street,Stratford
Greater Anglia,Meridian Water,Angel Road
Greater Anglia,Northumberland Park,Meridian Water
Greater Anglia,Ponders End,Brimsdown
Greater Anglia,Romford,Gidea Park
Greater Anglia,Seven Kings,Romford
Greater Anglia,Seven Sisters,Edmonton Green
Greater Anglia,Stratford,Lea Bridge
Greater Anglia,Stratford,Seven Kings
Greater Anglia,Tottenham Hale,Northumberland Park
Greater Anglia,Waltham Cross,Cheshunt
Hammersmith and City,Aldgate East,Whitechapel
Hammersmith and City,Baker Street,Great Portland Street
Hammersmith and City,Barbican,Moorgate
Hammersmith and City,Bow Road,Bromley-by-Bow
Hammersmith and City,Bromley-by-Bow,West Ham
Hammersmith and City,East Ham,Barking
Hammersmith and City,Edgware Road (Circle/District/Hammersmith and City),Baker Street
Hammersmith and City,Euston Square,Kings Cross St. Pancras
Hammersmith and City,Farringdon,Barbican
Hammersmith and City,Goldhawk Road,Shepherds Bush Market
Hammersmith and City,Great Portland Street,Euston Square
Hammersmith and City,Hammersmith (Met.),Goldhawk Road
Hammersmith and City,Kings Cross St. Pancras,Farringdon
Hammersmith and City,Ladbroke Grove,Westbourne Park
Hammersmith and City,Latimer Road,Ladbroke Grove
Hammersmith and City,Liverpool Street,Aldgate East
Hammersmith and City,Mile End,Bow Road
Hammersmith and City,Moorgate,Liverpool Street
Hammersmith and City,Paddington,Edgware Road (Circle/District/Hammersmith and City)
Hammersmith and City,Plaistow,Upton Park
Hammersmith and City,Royal Oak,Paddington
Hammersmith and City,Shepherds Bush Market,Wood Lane
Hammersmith and City,Stepney Green,Mile End
Hammersmith and City,Upton Park,East Ham
Hammersmith and City,West Ham,Plaistow
Hammersmith and City,Westbourne Park,Royal Oak
Hammersmith and City,Whitechapel,Stepney Green
Hammersmith and City,Wood Lane,Latimer Road
Heathrow Connect,Ealing Broadway,West Ealing
Heathrow Connect,Hanwell,Southall
Heathrow Connect,Hayes and Harlington,Heathrow Terminals 1 2 3
Heathrow Connect,Heathrow Terminals 1 2 3,Heathrow Terminal 4
Heathrow Connect,Heathrow Terminals 1 2 3,Heathrow Terminal 5
Heathrow Connect,Paddington,Ealing Broadway
Heathrow Connect,Southall,Hayes and Harlington
Heathrow Connect,West Ealing,Hanwell
Heathrow Express,Heathrow Terminals 1 2 3,Heathrow Terminal 4
Heathrow Express,Heathrow Terminals 1 2 3,Heathrow Terminal 5
Heathrow Express,Paddington,Heathrow Terminals 1 2 3
Jubilee,Baker Street,Bond Street
Jubilee,Bermondsey,Canada Water
Jubilee,Bond Street,Green Park
Jubilee,Canada Water,Canary Wharf
Jubilee,Canary Wharf,North Greenwich
Jubilee,Canning Town,West Ham
Jubilee,Canons Park,Queensbury
Jubilee,Dollis Hill,Willesden Green
Jubilee,Finchley Road,Swiss Cottage
Jubilee,Green Park,Westminster
Jubilee,Kilburn,West Hampstead
Jubilee,Kingsbury,Wembley Park
Jubilee,London Bridge,Bermondsey
Jubilee,Neasden,Dollis Hill
Jubilee,North Greenwich,Canning Town
Jubilee,Queensbury,Kingsbury
Jubilee,Southwark,London Bridge
Jubilee,St. Johns Wood,Baker Street
Jubilee,Stanmore,Canons Park
Jubilee,Swiss Cottage,St. Johns Wood
Jubilee,Waterloo,Southwark
Jubilee,Wembley Park,Neasden
Jubilee,West Ham,Stratford
Jubilee,West Hampstead,Finchley Road
Jubilee,Westminster,Waterloo
Jubilee,Willesden Green,Kilburn
Liberty,Emerson Park,Upminster
Liberty,Romford,Emerson Park
Lioness,Bushey,Carpenders Park
Lioness,Carpenders Park,Hatch End
Lioness,Harlesden,Willesden Junction
Lioness,Harrow and Wealdstone,Kenton
Lioness,Hatch End,Headstone Lane
Lioness,Headstone Lane,Harrow and Wealdstone
Lioness,Kensal Green,Queens Park
Lioness,Kenton,South Kenton
Lioness,Kilburn High Road,South Hampstead
Lioness,North Wembley,Wembley Central
Lioness,Queens Park,Kilburn High Road
Lioness,South Hampstead,Euston
Lioness,South Kenton,North Wembley
Lioness,Stonebridge Park,Harlesden
Lioness,Watford High Street,Bushey
Lioness,Watford Junction,Watford High Street
Lioness,Wembley Central,Stonebridge Park
Lioness,Willesden Junction,Kensal Green
London Midland,Bushey,Watford Junction
London Midland,Euston,Wembley Central
London Midland,Harrow and Wealdstone,Bushey
London Midland,Wembley Central,Harrow and Wealdstone
Metropolitan,Aldgate,Liverpool Street
Metropolitan,Baker Street,Finchley Road
Metropolitan,Barbican,Farringdon
Metropolitan,Chalfont and Latimer,Amersham
Metropolitan,Chalfont and Latimer,Chesham
Metropolitan,Chorleywood,Chalfont and Latimer
Metropolitan,Croxley,Watford
Metropolitan,Eastcote,Ruislip Manor
Metropolitan,Euston Square,Great Portland Street
Metropolitan,Farringdon,Kings Cross St. Pancras
Metropolitan,Finchley Road,Wembley Park
Metropolitan,Great Portland Street,Baker Street
Metropolitan,Harrow-on-the-Hill,North Harrow
Metropolitan,Harrow-on-the-Hill,West Harrow
Metropolitan,Hillingdon,Uxbridge
Metropolitan,Ickenham,Hillingdon
Metropolitan,Kings Cross St. Pancras,Euston Square
Metropolitan,Liverpool Street,Moorgate
Metropolitan,Moor Park,Croxley
Metropolitan,Moor Park,Rickmansworth
Metropolitan,Moorgate,Barbican
Metropolitan,North Harrow,Pinner
Metropolitan,Northwick Park,Harrow-on-the-Hill
Metropolitan,Northwood,Moor Park
Metropolitan,Northwood Hills,Northwood
Metropolitan,Pinner,Northwood Hills
Metropolitan,Preston Road,Northwick Park
Metropolitan,Rickmansworth,Chorleywood
Metropolitan,Ruislip,Ickenham
Metropolitan,Ruislip Manor,Ruislip
Metropolitan,Wembley Park,Preston Road
Metropolitan,West Harrow,Eastcote
Mildmay,Acton Central,Willesden Junction
Mildmay,Brondesbury,West Hampstead
Mildmay,Brondesbury Park,Brondesbury
Mildmay,Caledonian Road and Barnsbury,Highbury and Islington
Mildmay,Camden Road,Caledonian Road and Barnsbury
Mildmay,Canonbury,Dalston Kingsland
Mildmay,Dalston Kingsland,Hackney Central
Mildmay,Finchley Road and Frognal,Hampstead Heath
Mildmay,Gospel Oak,Kentish Town West
Mildmay,Gunnersbury,South Acton
Mildmay,Hackney Central,Homerton
Mildmay,Hackney Wick,Stratford
Mildmay,Hampstead Heath,Gospel Oak
Mildmay,Highbury and Islington,Canonbury
Mildmay,Homerton,Hackney Wick
Mildmay,Imperial Wharf,Clapham Junction
Mildmay,Kensal Rise,Brondesbury Park
Mildmay,Kensington (Olympia),West Brompton
Mildmay,Kentish Town West,Camden Road
Mildmay,Kew Gardens,Gunnersbury
Mildmay,Richmond,Kew Gardens
Mildmay,Shepherds Bush,Kensington (Olympia)
Mildmay,South Acton,Acton Central
Mildmay,West Brompton,Imperial Wharf
Mildmay,West Hampstead,Finchley Road and Frognal
Mildmay,Willesden Junction,Kensal Rise
Mildmay,Willesden Junction,Shepherds Bush
Northern,Angel,Kings Cross St. Pancras
Northern,Archway,Highgate
Northern,Balham,Clapham South
Northern,Bank,Moorgate
Northern,Belsize Park,Hampstead
Northern,Borough,London Bridge
Northern,Brent Cross,Hendon Central
Northern,Burnt Oak,Edgware
Northern,Camden Town,Chalk Farm
Northern,Camden Town,Kentish Town
Northern,Chalk Farm,Belsize Park
Northern,Charing Cross,Leicester Square
Northern,Clapham Common,Clapham North
Northern,Clapham North,Stockwell
Northern,Clapham South,Clapham Common
Northern,Colindale,Burnt Oak
Northern,Colliers Wood,Tooting Broadway
Northern,East Finchley,Finchley Central
Northern,East Finchley,Mill Hill East
Northern,Elephant and Castle,Borough
Northern,Embankment,Charing Cross
Northern,Euston,Camden Town
Northern,Euston,Mornington Crescent
Northern,Finchley Central,West Finchley
Northern,Golders Green,Brent Cross
Northern,Goodge Street,Warren Street
Northern,Hampstead,Golders Green
Northern,Hendon Central,Colindale
Northern,Highgate,East Finchley
Northern,Kennington,Elephant and Castle
Northern,Kennington,Nine Elms
Northern,Kennington,Waterloo
Northern,Kentish Town,Tufnell Park
Northern,Kings Cross St. Pancras,Euston
Northern,Leicester Square,Tottenham Court Road
Northern,London Bridge,Bank
Northern,Moorgate,Old Street
Northern,Morden,South Wimbledon
Northern,Mornington Crescent,Camden Town
Northern,Nine Elms,Battersea Power Station
Northern,Old Street,Angel
Northern,Oval,Kennington
Northern,South Wimbledon,Colliers Wood
Northern,Stockwell,Oval
Northern,Tooting Bec,Balham
Northern,Tooting Broadway,Tooting Bec
Northern,Tottenham Court Road,Goodge Street
Northern,Totteridge and Whetstone,High Barnet
Northern,Tufnell Park,Archway
Northern,Warren Street,Euston
Northern,Waterloo,Embankment
Northern,West Finchley,Woodside Park
Northern,Woodside Park,Totteridge and Whetstone
Piccadilly,Acton Town,Ealing Common
Piccadilly,Acton Town,South Ealing
Piccadilly,Alperton,Sudbury Town
Piccadilly,Arnos Grove,Bounds Green
Piccadilly,Arsenal,Holloway Road
Piccadilly,Barons Court,Hammersmith (District)
Piccadilly,Boston Manor,Osterley
Piccadilly,Bounds Green,Wood Green
Piccadilly,Caledonian Road,Kings Cross St. Pancras
Piccadilly,Cockfosters,Oakwood
Piccadilly,Covent Garden,Leicester Square
Piccadilly,Ealing Common,North Ealing
Piccadilly,Earls Court,Barons Court
Piccadilly,Eastcote,Ruislip Manor
Piccadilly,Finsbury Park,Arsenal
Piccadilly,Gloucester Road,Earls Court
Piccadilly,Green Park,Hyde Park Corner
Piccadilly,Hammersmith (District),Turnham Green
Piccadilly,Hatton Cross,Heathrow Terminal 4
Piccadilly,Hatton Cross,Heathrow Terminals 1 2 3
Piccadilly,Heathrow Terminals 1 2 3,Heathrow Terminal 4
Piccadilly,Heathrow Terminals 1 2 3,Heathrow Terminal 5
Piccadilly,Hillingdon,Uxbridge
Piccadilly,Holborn,Covent Garden
Piccadilly,Holloway Road,Caledonian Road
Piccadilly,Hounslow Central,Hounslow West
Piccadilly,Hounslow East,Hounslow Central
Piccadilly,Hounslow West,Hatton Cross
Piccadilly,Hyde Park Corner,Knightsbridge
Piccadilly,Ickenham,Hillingdon
Piccadilly,Kings Cross St. Pancras,Russell Square
Piccadilly,Knightsbridge,South Kensington
Piccadilly,Leicester Square,Piccadilly Circus
Piccadilly,Manor House,Finsbury Park
Piccadilly,North Ealing,Park Royal
Piccadilly,Northfields,Boston Manor
Piccadilly,Oakwood,Southgate
Piccadilly,Osterley,Hounslow East
Piccadilly,Park Royal,Alperton
Piccadilly,Piccadilly Circus,Green Park
Piccadilly,Rayners Lane,Eastcote
Piccadilly,Ruislip,Ickenham
Piccadilly,Ruislip Manor,Ruislip
Piccadilly,Russell Square,Holborn
Piccadilly,South Ealing,Northfields
Piccadilly,South Harrow,Rayners Lane
Piccadilly,South Harrow,Sudbury Hill
Piccadilly,South Kensington,Gloucester Road
Piccadilly,Southgate,Arnos Grove
Piccadilly,Sudbury Town,Sudbury Hill
Piccadilly,Turnham Green,Acton Town
Piccadilly,Turnpike Lane,Manor House
Piccadilly,Wood Green,Turnpike Lane
South Western,Barnes,Putney
South Western,Barnes Bridge,Barnes
South Western,Berrylands,Surbiton
South Western,Brentford,Kew Bridge
South Western,Chessington North,Chessington South
South Western,Chiswick,Barnes Bridge
South Western,Clapham Junction,Earlsfield
South Western,Earlsfield,Wimbledon
South Western,Epsom,Ewell West
South Western,Feltham,Hounslow
South Western,Fulwell,Hampton
South Western,Hampton Wick,Teddington
South Western,Hounslow,Isleworth
South Western,Isleworth,Syon Lane
South Western,Kew Bridge,Chiswick
South Western,Kingston,Hampton Wick
South Western,Malden Manor,Tolworth
South Western,Mortlake,Barnes
South Western,Motspur Park,Malden Manor
South Western,Motspur Park,Worcester Park
South Western,New Malden,Berrylands
South Western,New Malden,Norbiton
South Western,Norbiton,Kingston
South Western,North Sheen,Mortlake
South Western,Putney,Wandsworth Town
South Western,Queenstown Road,Clapham Junction
South Western,Raynes Park,Motspur Park
South Western,Raynes Park,New Malden
South Western,Richmond,North Sheen
South Western,St Margarets,Richmond
South Western,Stoneleigh,Ewell West
South Western,Strawberry Hill,Twickenham
South Western,Surbiton,Thames Ditton
South Western,Syon Lane,Brentford
South Western,Teddington,Fulwell
South Western,Teddington,Strawberry Hill
South Western,Thames Ditton,Hampton Court
South Western,Tolworth,Chessington North
South Western,Twickenham,St Margarets
South Western,Twickenham,Whitton
South Western,Vauxhall,Queenstown Road
South Western,Wandsworth Town,Clapham Junction
South Western,Waterloo,Vauxhall
South Western,Whitton,Feltham
South Western,Wimbledon,Raynes Park
South Western,Worcester Park,Stoneleigh
Southeastern,Abbey Wood,Belvedere
Southeastern,Albany Park,Bexley
Southeastern,Barnehurst,Slade Green
Southeastern,Beckenham Junction,Shortlands
Southeastern,Belvedere,Erith
Southeastern,Bexley,Crayford
Southeastern,Bexleyheath,Barnehurst
Southeastern,Bickley,Petts Wood
Southeastern,Bickley,St Mary Cray
Southeastern,Blackheath,Charlton
Southeastern,Blackheath,Kidbrooke
Southeastern,Brixton,Herne Hill
Southeastern,Bromley South,Bickley
Southeastern,Cannon Street,London Bridge
Southeastern,Catford Bridge,Lower Sydenham
Southeastern,Charing Cross,Waterloo East
Southeastern,Charlton,Woolwich Dockyard
Southeastern,Chelsfield,Knockholt
Southeastern,Chislehurst,Petts Wood
Southeastern,Clock House,Elmers End
Southeastern,Dartford,Crayford
Southeastern,Dartford,Slade Green
Southeastern,Denmark Hill,Peckham Rye
Southeastern,Deptford,Greenwich
Southeastern,Eden Park,West Wickham
Southeastern,Elmers End,Eden Park
Southeastern,Elmstead Woods,Chislehurst
Southeastern,Eltham,Falconwood
Southeastern,Erith,Slade Green
Southeastern,Falconwood,Welling
Southeastern,Greenwich,Maze Hill
Southeastern,Grove Park,Elmstead Woods
Southeastern,Grove Park,Sundridge Park
Southeastern,Herne Hill,West Dulwich
Southeastern,Hither Green,Grove Park
Southeastern,Hither Green,Lee
Southeastern,Kent House,Beckenham Junction
Southeastern,Kidbrooke,Eltham
Southeastern,Ladywell,Catford Bridge
Southeastern,Lee,Mottingham
Southeastern,Lewisham,Blackheath
Southeastern,Lewisham,Hither Green
Southeastern,Lewisham,Ladywell
Southeastern,London Bridge,Deptford
Southeastern,London Bridge,New Cross
Southeastern,London Bridge,Swanley
Southeastern,Lower Sydenham,New Beckenham
Southeastern,Maze Hill,Westcombe Park
Southeastern,Mottingham,New Eltham
Southeastern,New Beckenham,Clock House
Southeastern,New Cross,St Johns
Southeastern,New Eltham,Sidcup
Southeastern,Nunhead,Lewisham
Southeastern,Orpington,Chelsfield
Southeastern,Peckham Rye,Nunhead
Southeastern,Penge East,Kent House
Southeastern,Petts Wood,Orpington
Southeastern,Plumstead,Abbey Wood
Southeastern,Shortlands,Bromley South
Southeastern,Sidcup,Albany Park
Southeastern,St Johns,Lewisham
Southeastern,St Mary Cray,Swanley
Southeastern,Sundridge Park,Bromley North
Southeastern,Sydenham Hill,Penge East
Southeastern,Victoria,Brixton
Southeastern,Victoria,Denmark Hill
Southeastern,Waterloo East,London Bridge
Southeastern,Welling,Bexleyheath
Southeastern,West Dulwich,Sydenham Hill
Southeastern,West Wickham,Hayes
Southeastern,Westcombe Park,Charlton
Southeastern,Woolwich Arsenal,Plumstead
Southeastern,Woolwich Dockyard,Woolwich Arsenal
Southern,Anerley,Norwood Junction
Southern,Balham,Mitcham Eastfields
Southern,Balham,Streatham Common
Southern,Balham,Streatham Hill
Southern,Balham,Tooting
Southern,Banstead,Epsom Downs
Southern,Battersea Park,Clapham Junction
Southern,Belmont,Banstead
Southern,Birkbeck,Beckenham Junction
Southern,Brockley,Honor Oak Park
Southern,Carshalton,Sutton
Southern,Carshalton Beeches,Sutton
Southern,Cheam,Ewell East
Southern,Chipstead,Kingswood
Southern,Clapham Junction,Imperial Wharf
Southern,Clapham Junction,Wandsworth Common
Southern,Coulsdon Town,Woodmansterne
Southern,Crystal Palace,Birkbeck
Southern,Crystal Palace,Gipsy Hill
Southern,East Croydon,South Croydon
Southern,East Dulwich,Peckham Rye
Southern,Epsom,Ewell East
Southern,Forest Hill,Sydenham
Southern,Gipsy Hill,West Norwood
Southern,Hackbridge,Carshalton
Southern,Harrow and Wealdstone,Watford Junction
Southern,Haydons Road,Wimbledon
Southern,Honor Oak Park,Forest Hill
Southern,Imperial Wharf,West Brompton
Southern,Kenley,Whyteleafe
Southern,Kensington (Olympia),Shepherds Bush
Southern,Kingswood,Tadworth
Southern,London Bridge,New Cross Gate
Southern,Mitcham Eastfields,Mitcham Junction
Southern,Mitcham Junction,Hackbridge
Southern,Morden South,St Helier
Southern,New Cross Gate,Brockley
Southern,Norbury,Thornton Heath
Southern,North Dulwich,East Dulwich
Southern,Norwood Junction,East Croydon
Southern,Norwood Junction,West Croydon
Southern,Peckham Rye,Queens Road Peckham
Southern,Penge West,Anerley
Southern,Purley,Coulsdon South
Southern,Purley,Kenley
Southern,Purley,Reedham
Southern,Purley Oaks,Purley
Southern,Queens Road Peckham,South Bermondsey
Southern,Reedham,Coulsdon Town
Southern,Riddlesdown,Upper Warlingham
Southern,Sanderstead,Riddlesdown
Southern,Selhurst,East Croydon
Southern,Selhurst,West Croydon
Southern,Shepherds Bush,Wembley Central
Southern,South Bermondsey,London Bridge
Southern,South Croydon,Purley Oaks
Southern,South Croydon,Sanderstead
Southern,South Merton,Morden South
Southern,St Helier,Sutton Common
Southern,Streatham,Mitcham Eastfields
Southern,Streatham,Streatham Common
Southern,Streatham Common,Norbury
Southern,Streatham Hill,West Norwood
Southern,Sutton,Belmont
Southern,Sutton,Cheam
Southern,Sutton Common,West Sutton
Southern,Sydenham,Crystal Palace
Southern,Sydenham,Penge West
Southern,Tadworth,Tattenham Corner
Southern,Thornton Heath,Selhurst
Southern,Tooting,Haydons Road
Southern,Tulse Hill,North Dulwich
Southern,Tulse Hill,Streatham
Southern,Tulse Hill,Streatham Hill
Southern,Victoria,Battersea Park
Southern,Waddon,Wallington
Southern,Wallington,Carshalton Beeches
Southern,Wandsworth Common,Balham
Southern,Wembley Central,Harrow and Wealdstone
Southern,West Brompton,Kensington (Olympia)
Southern,West Croydon,Waddon
Southern,West Norwood,Streatham Hill
Southern,West Norwood,Tulse Hill
Southern,West Sutton,Sutton
Southern,Whyteleafe,Whyteleafe South
Southern,Whyteleafe South,Caterham
Southern,Wimbledon,Wimbledon Chase
Southern,Wimbledon Chase,South Merton
Southern,Woodmansterne,Chipstead
Suffragette,Barking,Barking Riverside
Suffragette,Blackhorse Road,Walthamstow Queens Road
Suffragette,Crouch Hill,Harringay Green Lanes
Suffragette,Gospel Oak,Upper Holloway
Suffragette,Harringay Green Lanes,South Tottenham
Suffragette,Leyton Midland Road,Leytonstone High Road
Suffragette,Leytonstone High Road,Wanstead Park
Suffragette,South Tottenham,Blackhorse Road
Suffragette,Upper Holloway,Crouch Hill
Suffragette,Walthamstow Queens Road,Leyton Midland Road
Suffragette,Wanstead Park,Woodgrange Park
Suffragette,Woodgrange Park,Barking
Thameslink,Beckenham Hill,Bellingham
Thameslink,Beckenham Junction,Kent House
Thameslink,Bellingham,Catford
Thameslink,Bickley,Bromley South
Thameslink,Blackfriars,City Thameslink
Thameslink,Bromley South,Shortlands
Thameslink,Carshalton,Sutton
Thameslink,Catford,Crofton Park
Thameslink,City Thameslink,Farringdon
Thameslink,Cricklewood,Hendon
Thameslink,Crofton Park,Nunhead
Thameslink,Dartford,London Bridge
Thameslink,Denmark Hill,Elephant and Castle
Thameslink,East Croydon,Purley
Thameslink,Elephant and Castle,Blackfriars
Thameslink,Farringdon,St Pancras
Thameslink,Hackbridge,Carshalton
Thameslink,Haydons Road,Tooting
Thameslink,Hendon,Mill Hill Broadway
Thameslink,Herne Hill,Loughborough Junction
Thameslink,Herne Hill,Tulse Hill
Thameslink,Kent House,Penge East
Thameslink,Kentish Town,West Hampstead Thameslink
Thameslink,London Bridge,East Croydon
Thameslink,Loughborough Junction,Elephant and Castle
Thameslink,Mill Hill Broadway,Elstree and Borehamwood
Thameslink,Mitcham Eastfields,Mitcham Junction
Thameslink,Mitcham Junction,Hackbridge
Thameslink,Morden South,South Merton
Thameslink,Nunhead,Peckham Rye
Thameslink,Orpington,Petts Wood
Thameslink,Peckham Rye,Denmark Hill
Thameslink,Penge East,Sydenham Hill
Thameslink,Petts Wood,Bickley
Thameslink,Purley,Coulsdon South
Thameslink,Ravensbourne,Beckenham Hill
Thameslink,Shortlands,Beckenham Junction
Thameslink,Shortlands,Ravensbourne
Thameslink,South Merton,Wimbledon Chase
Thameslink,St Helier,Morden South
Thameslink,St Mary Cray,Bickley
Thameslink,St Mary Cray,Swanley
Thameslink,St Pancras,Kentish Town
Thameslink,Streatham,Mitcham Eastfields
Thameslink,Sutton,West Sutton
Thameslink,Sutton Common,St Helier
Thameslink,Sydenham Hill,West Dulwich
Thameslink,Tooting,Streatham
Thameslink,Tulse Hill,East Croydon
Thameslink,Tulse Hill,Streatham
Thameslink,West Dulwich,Herne Hill
Thameslink,West Hampstead Thameslink,Cricklewood
Thameslink,West Sutton,Sutton Common
Thameslink,Wimbledon,Haydons Road
Thameslink,Wimbledon Chase,Wimbledon
Tramlink,Addington Village,Fieldway
Tramlink,Addiscombe,Blackhorse Lane
Tramlink,Ampere Way,Waddon Marsh
Tramlink,Arena,Elmers End
Tramlink,Arena,Harrington Road
Tramlink,Avenue Road,Beckenham Road
Tramlink,Beckenham Road,Beckenham Junction
Tramlink,Beddington Lane,Therapia Lane
Tramlink,Belgrave Walk,Mitcham
Tramlink,Birkbeck,Avenue Road
Tramlink,Blackhorse Lane,Woodside
Tramlink,Centrale,West Croydon
Tramlink,Church Street,Centrale
Tramlink,Coombe Lane,Gravel Hill
Tramlink,Dundonald Road,Merton Park
Tramlink,East Croydon,George Street
Tramlink,East Croydon,Lebanon Road
Tramlink,Fieldway,King Henry's Drive
Tramlink,George Street,Church Street
Tramlink,Gravel Hill,Addington Village
Tramlink,Harrington Road,Birkbeck
Tramlink,King Henry's Drive,New Addington
Tramlink,Lebanon Road,Sandilands
Tramlink,Lloyd Park,Coombe Lane
Tramlink,Merton Park,Morden Road
Tramlink,Mitcham,Mitcham Junction
Tramlink,Mitcham Junction,Beddington Lane
Tramlink,Morden Road,Phipps Bridge
Tramlink,Phipps Bridge,Belgrave Walk
Tramlink,Reeves Corner,Centrale
Tramlink,Sandilands,Addiscombe
Tramlink,Sandilands,Lloyd Park
Tramlink,Therapia Lane,Ampere Way
Tramlink,Waddon Marsh,Wandle Park
Tramlink,Wandle Park,Reeves Corner
Tramlink,Wellesley Road,East Croydon
Tramlink,West Croydon,Wellesley Road
Tramlink,Wimbledon,Dundonald Road
Tramlink,Woodside,Arena
Victoria,Blackhorse Road,Tottenham Hale
Victoria,Euston,Warren Street
Victoria,Finsbury Park,Highbury and Islington
Victoria,Green Park,Victoria
Victoria,Highbury and Islington,Kings Cross St. Pancras
Victoria,Kings Cross St. Pancras,Euston
Victoria,Oxford Circus,Green Park
Victoria,Pimlico,Vauxhall
Victoria,Seven Sisters,Finsbury Park
Victoria,Stockwell,Brixton
Victoria,Tottenham Hale,Seven Sisters
Victoria,Vauxhall,Stockwell
Victoria,Victoria,Pimlico
Victoria,Walthamstow Central,Blackhorse Road
Victoria,Warren Street,Oxford Circus
Waterloo and City,Waterloo,Bank
Weaver,Bethnal Green,Cambridge Heath
Weaver,Bruce Grove,White Hart Lane
Weaver,Bush Hill Park,Enfield Town
Weaver,Cambridge Heath,London Fields
Weaver,Clapton,St James Street
Weaver,Edmonton Green,Bush Hill Park
Weaver,Edmonton Green,Southbury
Weaver,Hackney Downs,Clapton
Weaver,Hackney Downs,Rectory Road
Weaver,Highams Park,Chingford
Weaver,Liverpool Street,Bethnal Green
Weaver,London Fields,Hackney Downs
Weaver,Rectory Road,Stoke Newington
Weaver,Seven Sisters,Bruce Grove
Weaver,Silver Street,Edmonton Green
Weaver,Southbury,Turkey Street
Weaver,St James Street,Walthamstow Central
Weaver,Stamford Hill,Seven Sisters
Weaver,Stoke Newington,Stamford Hill
Weaver,Theobalds Grove,Cheshunt
Weaver,Turkey Street,Theobalds Grove
Weaver,Walthamstow Central,Wood Street
Weaver,White Hart Lane,Silver Street
Weaver,Wood Street,Highams Park
Windrush,Anerley,Norwood Junction
Windrush,Brockley,Honor Oak Park
Windrush,Canada Water,Surrey Quays
Windrush,Canonbury,Dalston Junction
Windrush,Clapham High Street,Wandsworth Road
Windrush,Dalston Junction,Haggerston
Windrush,Denmark Hill,Clapham High Street
Windrush,Forest Hill,Sydenham
Windrush,Haggerston,Hoxton
Windrush,Highbury and Islington,Canonbury
Windrush,Honor Oak Park,Forest Hill
Windrush,Hoxton,Shoreditch High Street
Windrush,New Cross Gate,Brockley
Windrush,Norwood Junction,West Croydon
Windrush,Peckham Rye,Denmark Hill
Windrush,Penge West,Anerley
Windrush,Queens Road Peckham,Peckham Rye
Windrush,Rotherhithe,Canada Water
Windrush,Shadwell,Wapping
Windrush,Shoreditch High Street,Whitechapel
Windrush,Surrey Quays,New Cross
Windrush,Surrey Quays,New Cross Gate
Windrush,Surrey Quays,Queens Road Peckham
Windrush,Sydenham,Crystal Palace
Windrush,Sydenham,Penge West
Windrush,Wandsworth Road,Clapham Junction
Windrush,Wapping,Rotherhithe
Windrush,Whitechapel,Shadwell
